tweet_id,cat_breed,conf_value
666020888022790149,Welsh_springer_spaniel,0.465074
666029285002620928,redbone,0.506826
666033412701032449,German_shepherd,0.596461
666044226329800704,Rhodesian_ridgeback,0.408143
666049248165822465,miniature_pinscher,0.560311
666050758794694657,Bernese_mountain_dog,0.651137
666055525042405380,chow,0.692517
666057090499244032,golden_retriever,0.00795896
666058600524156928,miniature_poodle,0.201493
666063827256086533,golden_retriever,0.77593
666071193221509120,Gordon_setter,0.503672
666073100786774016,Walker_hound,0.260857
666082916733198337,pug,0.489814
666094000022159362,bloodhound,0.195217
666099513787052032,Lhasa,0.58233
666102155909144576,English_setter,0.298617
666273097616637952,Italian_greyhound,0.176053
666287406224695296,Maltese_dog,0.8575309999999999
666337882303524864,Newfoundland,0.416669
666345417576210432,golden_retriever,0.8587440000000001
666353288456101888,malamute,0.33687399999999995
666373753744588802,soft-coated_wheaten_terrier,0.326467
666396247373291520,Chihuahua,0.978108
666407126856765440,black-and-tan_coonhound,0.529139
666418789513326592,toy_terrier,0.14968
666421158376562688,Blenheim_spaniel,0.906777
666428276349472768,Pembroke,0.371361
666430724426358785,Irish_terrier,0.505184
666435652385423360,Chesapeake_Bay_retriever,0.18413
666437273139982337,Chihuahua,0.6718529999999999
666447344410484738,curly-coated_retriever,0.32208400000000004
666454714377183233,dalmatian,0.278954
666644823164719104,Ibizan_hound,0.0443334
666649482315059201,Border_collie,0.447803
666691418707132416,German_shepherd,0.975401
666701168228331520,Labrador_retriever,0.887707
666739327293083650,miniature_poodle,0.546933
666776908487630848,miniature_pinscher,0.375057
666781792255496192,Italian_greyhound,0.618316
666804364988780544,English_setter,0.32879200000000003
666817836334096384,miniature_schnauzer,0.496953
666826780179869698,Maltese_dog,0.359383
666835007768551424,Airedale,0.448459
666996132027977728,Rottweiler,0.507637
667044094246576128,golden_retriever,0.765266
667062181243039745,Chesapeake_Bay_retriever,0.825678
667073648344346624,Chihuahua,0.483682
667090893657276420,Chihuahua,0.959514
667119796878725120,Pembroke,0.741563
667138269671505920,West_Highland_white_terrier,0.747713
667152164079423490,toy_poodle,0.535411
667160273090932737,golden_retriever,0.471351
667165590075940865,miniature_pinscher,0.140173
667171260800061440,giant_schnauzer,0.8412649999999999
667174963120574464,toy_poodle,0.266437
667176164155375616,soft-coated_wheaten_terrier,0.318981
667177989038297088,vizsla,0.25924899999999995
667182792070062081,golden_retriever,0.949892
667192066997374976,Rottweiler,0.28364
667200525029539841,Siberian_husky,0.694904
667211855547486208,golden_retriever,0.462556
667393430834667520,papillon,0.557009
667405339315146752,Saint_Bernard,0.381377
667435689202614272,Rottweiler,0.999091
667453023279554560,Labrador_retriever,0.8256700000000001
667455448082227200,Tibetan_terrier,0.676376
667470559035432960,toy_poodle,0.304175
667491009379606528,borzoi,0.852088
667495797102141441,Chihuahua,0.143957
667502640335572993,Labrador_retriever,0.996709
667509364010450944,beagle,0.636169
667517642048163840,Italian_greyhound,0.125176
667524857454854144,Chesapeake_Bay_retriever,0.08812239999999999
667530908589760512,golden_retriever,0.633037
667534815156183040,Pembroke,0.435254
667538891197542400,Yorkshire_terrier,0.618957
667544320556335104,Pomeranian,0.412893
667546741521195010,toy_poodle,0.787424
667550904950915073,vizsla,0.999335
667728196545200128,kuvasz,0.360159
667773195014021121,West_Highland_white_terrier,0.360465
667793409583771648,dalmatian,0.5350729999999999
667801013445750784,flat-coated_retriever,0.508392
667806454573760512,Chihuahua,0.253089
667832474953625600,miniature_pinscher,0.2142
667861340749471744,malamute,0.967275
667878741721415682,miniature_pinscher,0.200373
667885044254572545,malamute,0.0885297
667886921285246976,Pomeranian,0.8004319999999999
667902449697558528,Norwegian_elkhound,0.298881
667915453470232577,boxer,0.452517
667924896115245057,Labrador_retriever,0.209051
668113020489474048,Pembroke,0.548896
668171859951755264,Chihuahua,0.664834
668190681446379520,Blenheim_spaniel,0.958402
668204964695683073,Labrador_retriever,0.65518
668221241640230912,chow,0.395101
668237644992782336,chow,0.8093199999999999
668248472370458624,Chihuahua,0.7345470000000001
668256321989451776,Pembroke,0.0944294
668268907921326080,Pembroke,0.48483
668274247790391296,soft-coated_wheaten_terrier,0.406374
668286279830867968,golden_retriever,0.215944
668297328638447616,Eskimo_dog,0.0327838
668480044826800133,Labrador_retriever,0.119243
668484198282485761,standard_poodle,0.587372
668496999348633600,Staffordshire_bullterrier,0.412879
668507509523615744,basenji,0.0553794
668528771708952576,Labrador_retriever,0.195835
668537837512433665,Lakeland_terrier,0.372988
668542336805281792,American_Staffordshire_terrier,0.267695
668567822092664832,Shih-Tzu,0.985649
668623201287675904,Chihuahua,0.708163
668625577880875008,groenendael,0.0715361
668627278264475648,French_bulldog,0.965403
668631377374486528,miniature_schnauzer,0.904549
668633411083464705,Pekinese,0.589011
668636665813057536,komondor,0.999956
668641109086707712,pug,0.432594
668655139528511488,beagle,0.31911
668779399630725120,Chesapeake_Bay_retriever,0.285508
668815180734689280,redbone,0.461172
668826086256599040,malinois,0.640185
668852170888998912,golden_retriever,0.903529
668872652652679168,miniature_schnauzer,0.0355366
668892474547511297,kelpie,0.421979
668902994700836864,Brittany_spaniel,0.828425
668932921458302977,standard_poodle,0.237638
668955713004314625,cocker_spaniel,0.367492
668960084974809088,Chesapeake_Bay_retriever,0.226309
668975677807423489,basset,0.605437
668979806671884288,golden_retriever,0.608537
668986018524233728,Chihuahua,0.976103
668989615043424256,pug,0.917326
668994913074286592,English_springer,0.11378900000000003
669000397445533696,Pembroke,0.82294
669006782128353280,Chihuahua,0.127178
669037058363662336,Chihuahua,0.803528
669203728096960512,pug,0.910452
669216679721873412,golden_retriever,0.992758
669324657376567296,Cardigan,0.201659
669327207240699904,golden_retriever,0.919584
669328503091937280,Siberian_husky,0.424202
669353438988365824,Pembroke,0.379656
669354382627049472,Chihuahua,0.97399
669359674819481600,Labrador_retriever,0.367818
669363888236994561,golden_retriever,0.539004
669367896104181761,basset,0.749394
669371483794317312,Brabancon_griffon,0.483268
669375718304980992,Airedale,0.168762
669393256313184256,cocker_spaniel,0.359843
669564461267722241,toy_poodle,0.623685
669567591774625800,Chihuahua,0.980511
669573570759163904,West_Highland_white_terrier,0.946828
669597912108789760,Eskimo_dog,0.595665
669603084620980224,Maltese_dog,0.659619
669625907762618368,golden_retriever,0.874502
669680153564442624,dalmatian,0.141257
669683899023405056,Pomeranian,0.998275
669753178989142016,Pembroke,0.8584940000000001
669926384437997569,Pomeranian,0.984231
669942763794931712,vizsla,0.743216
669970042633789440,miniature_pinscher,0.734744
669993076832759809,toy_poodle,0.08650160000000001
670003130994700288,beagle,0.375313
670040295598354432,borzoi,0.901552
670046952931721218,Blenheim_spaniel,0.998335
670061506722140161,Italian_greyhound,0.329339
670073503555706880,malamute,0.6018859999999999
670086499208155136,German_short-haired_pointer,0.273492
670093938074779648,toy_poodle,0.383346
670290420111441920,Chihuahua,0.368876
670303360680108032,Shetland_sheepdog,0.380278
670319130621435904,Irish_terrier,0.254856
670338931251150849,cairn,0.245033
670374371102445568,English_springer,0.974936
670385711116361728,whippet,0.178027
670403879788544000,pug,0.8022229999999999
670411370698022913,Maltese_dog,0.584397
670421925039075328,Chihuahua,0.275793
670427002554466305,toy_terrier,0.952258
670428280563085312,chow,0.335269
670433248821026816,giant_schnauzer,0.583427
670434127938719744,Chesapeake_Bay_retriever,0.91914
670435821946826752,basenji,0.46037
670442337873600512,Sussex_spaniel,0.403552
670444955656130560,English_springer,0.403698
670452855871037440,malamute,0.08037949999999999
670676092097810432,Dandie_Dinmont,0.6761020000000001
670679630144274432,Ibizan_hound,0.34273400000000004
670691627984359425,Shetland_sheepdog,0.07112439999999999
670704688707301377,Norwich_terrier,0.419838
670717338665226240,Pomeranian,0.368161
670755717859713024,keeshond,0.994065
670764103623966721,Norfolk_terrier,0.17285
670778058496974848,pug,0.776612
670780561024270336,Labrador_retriever,0.244889
670782429121134593,Chihuahua,0.952963
670786190031921152,Pembroke,0.7771239999999999
670789397210615808,beagle,0.295966
670792680469889025,toy_poodle,0.882426
670797304698376195,Pembroke,0.472197
670803562457407488,basenji,0.34410100000000005
670804601705242624,Pomeranian,0.86856
670807719151067136,Old_English_sheepdog,0.958035
670811965569282048,basset,0.99409
670815497391357952,American_Staffordshire_terrier,0.919714
670822709593571328,Chihuahua,0.993887
670823764196741120,Labrador_retriever,0.947453
670832455012716544,malinois,0.31760700000000003
670833812859932673,Pekinese,0.609853
670840546554966016,Shih-Tzu,0.963622
670995969505435648,redbone,0.8662209999999999
671109016219725825,basenji,0.855959
671115716440031232,malinois,0.406341
671122204919246848,Chihuahua,0.351957
671134062904504320,Shih-Tzu,0.18038
671138694582165504,Samoyed,0.587342
671141549288370177,borzoi,0.0753577
671147085991960577,Yorkshire_terrier,0.4672020000000001
671151324042559489,Rottweiler,0.781201
671154572044468225,Labrador_retriever,0.495047
671163268581498880,Scottish_deerhound,0.0269829
671182547775299584,Rottweiler,0.331179
671186162933985280,Chihuahua,0.319106
671355857343524864,miniature_poodle,0.313811
671357843010908160,Italian_greyhound,0.831757
671485057807351808,Samoyed,0.627901
671486386088865792,German_shepherd,0.8270350000000001
671504605491109889,toy_poodle,0.259115
671518598289059840,Lakeland_terrier,0.428275
671520732782923777,Pomeranian,0.551031
671528761649688577,Doberman,0.782626
671536543010570240,pug,0.537652
671542985629241344,Shetland_sheepdog,0.980339
671561002136281088,Gordon_setter,0.4693729999999999
671729906628341761,kuvasz,0.431469
671735591348891648,Irish_wolfhound,0.271121
671743150407421952,toy_poodle,0.4194270000000001
671768281401958400,Chihuahua,0.500373
671789708968640512,dalmatian,0.114259
671866342182637568,Labrador_retriever,0.8756139999999999
671891728106971137,Labrador_retriever,0.567933
671896809300709376,chow,0.243529
672068090318987265,pug,0.8633850000000001
672082170312290304,toy_poodle,0.13244
672095186491711488,pug,0.794087
672125275208069120,golden_retriever,0.999834
672139350159835138,Rottweiler,0.29099200000000003
672160042234327040,pug,0.561027
672169685991993344,cocker_spaniel,0.991011
672205392827572224,pug,0.00326691
672222792075620352,beagle,0.958178
672239279297454080,pug,0.332536
672245253877968896,Chihuahua,0.7189439999999999
672248013293752320,Irish_terrier,0.413173
672254177670729728,pug,0.979487
672264251789176834,Chihuahua,0.6098600000000001
672267570918129665,Irish_terrier,0.716932
672272411274932228,pug,0.914685
672466075045466113,cocker_spaniel,0.150424
672481316919734272,Border_collie,0.599454
672482722825261057,West_Highland_white_terrier,0.5861729999999999
672488522314567680,Doberman,0.605358
672523490734551040,golden_retriever,0.5659810000000001
672538107540070400,Chihuahua,0.383937
672591762242805761,kuvasz,0.777659
672594978741354496,Great_Pyrenees,0.755945
672604026190569472,toy_poodle,0.8201579999999999
672622327801233409,golden_retriever,0.952773
672640509974827008,Chesapeake_Bay_retriever,0.420155
672834301050937345,Pembroke,0.5825600000000001
672877615439593473,Chihuahua,0.412362
672964561327235073,Chihuahua,0.292343
672968025906282496,toy_poodle,0.678046
672975131468300288,pug,0.8364209999999999
672980819271634944,basset,0.232754
672988786805112832,Lakeland_terrier,0.8366319999999999
672995267319328768,French_bulldog,0.7195590000000001
672997845381865473,chow,0.517255
673213039743795200,schipperke,0.8880819999999999
673240798075449344,Airedale,0.443004
673270968295534593,Shih-Tzu,0.610453
673295268553605120,golden_retriever,0.889241
673317986296586240,miniature_pinscher,0.384099
673320132811366400,Samoyed,0.978833
673342308415348736,Chihuahua,0.981017
673343217010679808,Chihuahua,0.541408
673345638550134785,Pomeranian,0.064627
673350198937153538,West_Highland_white_terrier,0.11918800000000003
673352124999274496,golden_retriever,0.672808
673355879178194945,Rottweiler,0.5292479999999999
673359818736984064,English_setter,0.6965680000000001
673580926094458881,beagle,0.985062
673583129559498752,golden_retriever,0.153271
673612854080196609,Newfoundland,0.223101
673636718965334016,pug,0.0190443
673656262056419329,bull_mastiff,0.700625
673662677122719744,Labrador_retriever,0.95767
673680198160809984,Samoyed,0.989853
673686845050527744,Pekinese,0.185903
673688752737402881,soft-coated_wheaten_terrier,0.340806
673689733134946305,Chesapeake_Bay_retriever,0.38222
673705679337693185,Shih-Tzu,0.165383
673707060090052608,German_short-haired_pointer,0.935771
673708611235921920,golden_retriever,0.936333
673709992831262724,Chihuahua,0.330171
673711475735838725,Maltese_dog,0.607401
673887867907739649,Brabancon_griffon,0.216767
673906403526995968,soft-coated_wheaten_terrier,0.683319
673919437611909120,schipperke,0.172079
673956914389192708,pug,0.5861609999999999
674014384960745472,Pembroke,0.74232
674019345211760640,collie,0.992732
674024893172875264,Pomeranian,0.6485
674036086168010753,toy_poodle,0.685617
674038233588723717,Eskimo_dog,0.358459
674042553264685056,toy_poodle,0.927975
674051556661161984,Shih-Tzu,0.179777
674053186244734976,Cardigan,0.984725
674075285688614912,Airedale,0.305392
674082852460433408,Pomeranian,0.666957
674255168825880576,Eskimo_dog,0.615741
674262580978937856,Greater_Swiss_Mountain_dog,0.519428
674269164442398721,pug,0.6229210000000001
674271431610523648,German_shepherd,0.991454
674291837063053312,Cardigan,0.611525
674394782723014656,Lakeland_terrier,0.109099
674410619106390016,beagle,0.0194268
674416750885273600,Chihuahua,0.28720100000000004
674422304705744896,golden_retriever,0.964497
674436901579923456,Shih-Tzu,0.375392
674447403907457024,Brabancon_griffon,0.409909
674468880899788800,chow,0.52623
674638615994089473,Pomeranian,0.846986
674644256330530816,basset,0.398102
674646392044941312,flat-coated_retriever,0.837448
674670581682434048,malamute,0.180079
674737130913071104,Pomeranian,0.948537
674739953134403584,Dandie_Dinmont,0.17591500000000002
674743008475090944,Bernese_mountain_dog,0.583054
674752233200820224,vizsla,0.665516
674764817387900928,Samoyed,0.634695
674774481756377088,Chihuahua,0.407016
674788554665512960,miniature_poodle,0.349561
674790488185167872,Labrador_retriever,0.8019029999999999
674793399141146624,giant_schnauzer,0.119693
674800520222154752,Pembroke,0.8764790000000001
674805413498527744,English_springer,0.594467
674999807681908736,Rottweiler,0.591829
675003128568291329,Pembroke,0.655279
675006312288268288,boxer,0.654697
675015141583413248,golden_retriever,0.290091
675047298674663426,Samoyed,0.978007
675109292475830276,dalmatian,0.989519
675111688094527488,Labrador_retriever,0.631501
675145476954566656,Labrador_retriever,0.458746
675146535592706048,Cardigan,0.28844699999999995
675147105808306176,golden_retriever,0.949215
675149409102012420,chow,0.999876
675166823650848770,standard_poodle,0.284394
675334060156301312,Pembroke,0.773135
675349384339542016,borzoi,0.866367
675354435921575936,golden_retriever,0.303415
675362609739206656,Labrador_retriever,0.479008
675372240448454658,Chihuahua,0.4163850000000001
675432746517426176,Labrador_retriever,0.986548
675489971617296384,West_Highland_white_terrier,0.139613
675497103322386432,vizsla,0.5195890000000001
675517828909424640,Scottish_deerhound,0.240591
675522403582218240,cocker_spaniel,0.299708
675531475945709568,Pembroke,0.918441
675534494439489536,chow,0.749368
675706639471788032,English_springer,0.9903
675707330206547968,Staffordshire_bullterrier,0.721933
675710890956750848,standard_schnauzer,0.4414270000000001
675740360753160193,golden_retriever,0.800495
675781562965868544,Maltese_dog,0.921968
675798442703122432,beagle,0.681218
675820929667219457,basset,0.556373
675822767435051008,Pomeranian,0.4607100000000001
675845657354215424,pug,0.8839520000000001
675853064436391936,Labrador_retriever,0.868367
675870721063669760,golden_retriever,0.263892
675878199931371520,Cardigan,0.0436271
675888385639251968,West_Highland_white_terrier,0.672117
675891555769696257,Italian_greyhound,0.305637
675898130735476737,Labrador_retriever,0.40743
676089483918516224,bull_mastiff,0.743808
676101918813499392,Shih-Tzu,0.225848
676146341966438401,Irish_water_spaniel,0.388332
676191832485810177,Chihuahua,0.376741
676219687039057920,whippet,0.000132464
676237365392908289,French_bulldog,0.961996
676263575653122048,toy_poodle,0.0982826
676430933382295552,golden_retriever,0.583875
676440007570247681,Maltese_dog,0.579472
676470639084101634,golden_retriever,0.7903859999999999
676496375194980353,pug,0.985387
676533798876651520,chow,0.26527399999999995
676575501977128964,Yorkshire_terrier,0.424106
676582956622721024,Boston_bull,0.790028
676588346097852417,Boston_bull,0.976577
676603393314578432,whippet,0.8770209999999999
676606785097199616,malinois,0.1423
676613908052996102,Doberman,0.49379
676617503762681856,Chihuahua,0.841084
676811746707918848,Chihuahua,0.440916
676819651066732545,Labrador_retriever,0.0394646
676821958043033607,Great_Pyrenees,0.8698040000000001
676864501615042560,Chesapeake_Bay_retriever,0.371146
676936541936185344,Chesapeake_Bay_retriever,0.5452859999999999
676946864479084545,Pekinese,0.752707
676949632774234114,Welsh_springer_spaniel,0.206479
676957860086095872,Labrador_retriever,0.772423
676975532580409345,malamute,0.363257
677187300187611136,English_setter,0.282396
677269281705472000,Shetland_sheepdog,0.656616
677301033169788928,Japanese_spaniel,0.6611779999999999
677314812125323265,Blenheim_spaniel,0.924127
677328882937298944,kelpie,0.42425
677331501395156992,beagle,0.313464
677334615166730240,Lakeland_terrier,0.859392
677530072887205888,Staffordshire_bullterrier,0.6892590000000001
677547928504967168,American_Staffordshire_terrier,0.914978
677557565589463040,Shih-Tzu,0.27725700000000003
677565715327688705,basset,0.397295
677644091929329666,Chihuahua,0.626236
677673981332312066,Maltese_dog,0.817908
677687604918272002,Pembroke,0.573047
677698403548192770,Shih-Tzu,0.916645
677700003327029250,Siberian_husky,0.120849
677716515794329600,chow,0.0254378
677895101218201600,dalmatian,0.550702
677918531514703872,Eskimo_dog,0.199347
678021115718029313,miniature_pinscher,0.822048
678255464182861824,Chihuahua,0.613819
678278586130948096,Maltese_dog,0.897841
678334497360859136,Norfolk_terrier,0.378643
678341075375947776,golden_retriever,0.853284
678380236862578688,Samoyed,0.0476014
678389028614488064,miniature_pinscher,0.516284
678396796259975168,Pembroke,0.95618
678399652199309312,Bedlington_terrier,0.929196
678410210315247616,schipperke,0.145877
678424312106393600,Maltese_dog,0.759945
678446151570427904,Staffordshire_bullterrier,0.284492
678643457146150913,Labrador_retriever,0.33875700000000003
678740035362037760,beagle,0.0225251
678755239630127104,malamute,0.606654
678764513869611008,Irish_terrier,0.696646
678774928607469569,Pembroke,0.194681
678798276842360832,Airedale,0.583122
678800283649069056,Labrador_retriever,0.213673
678969228704284672,Labrador_retriever,0.680251
678991772295516161,Eskimo_dog,0.330216
679047485189439488,golden_retriever,0.00293035
679062614270468097,schipperke,0.802333
679111216690831360,kelpie,0.189423
679132435750195208,Scottish_deerhound,0.19461
679148763231985668,Italian_greyhound,0.302685
679158373988876288,pug,0.27220500000000003
679462823135686656,toy_poodle,0.62178
679475951516934144,Maltese_dog,0.145742
679511351870550016,Chihuahua,0.761972
679530280114372609,dalmatian,0.750256
679722016581222400,boxer,0.459604
679729593985699840,West_Highland_white_terrier,0.164215
679736210798047232,French_bulldog,0.319139
679777920601223168,bloodhound,0.5288189999999999
679828447187857408,Chihuahua,0.346545
679844490799091713,Airedale,0.903832
679854723806179328,chow,0.00230739
679862121895714818,EntleBucher,0.5232060000000001
680055455951884288,Samoyed,0.995466
680070545539371008,Shih-Tzu,0.127701
680100725817409536,golden_retriever,0.6989609999999999
680115823365742593,pug,0.999365
680130881361686529,Maltese_dog,0.199121
680145970311643136,miniature_poodle,0.457117
680161097740095489,bluetick,0.268681
680191257256136705,Brittany_spaniel,0.7332529999999999
680473011644985345,Lakeland_terrier,0.796694
680494726643068929,kuvasz,0.438627
680497766108381184,Chihuahua,0.538354
680609293079592961,French_bulldog,0.700764
680801747103793152,pug,0.99672
680836378243002368,Pembroke,0.427781
680889648562991104,Shetland_sheepdog,0.876337
680913438424612864,Pomeranian,0.615678
680934982542561280,Labrador_retriever,0.7843979999999999
680940246314430465,soft-coated_wheaten_terrier,0.289598
680959110691590145,pug,0.0443565
680970795137544192,pug,0.713102
681193455364796417,Pomeranian,0.992619
681231109724700672,Irish_setter,0.406047
681261549936340994,Tibetan_terrier,0.382101
681281657291280384,Saint_Bernard,0.99883
681297372102656000,Lhasa,0.482401
681320187870711809,Samoyed,0.362596
681339448655802368,Labrador_retriever,0.5324409999999999
681523177663676416,Norfolk_terrier,0.205067
681579835668455424,Rottweiler,0.760671
681610798867845120,toy_poodle,0.8217040000000001
681654059175129088,Pomeranian,0.800538
681694085539872773,toy_poodle,0.920992
681891461017812993,Chihuahua,0.20357
681981167097122816,Labrador_retriever,0.4525770000000001
682032003584274432,schipperke,0.997953
682259524040966145,Siberian_husky,0.43967
682303737705140231,Lakeland_terrier,0.997659
682389078323662849,curly-coated_retriever,0.482288
682393905736888321,vizsla,0.657275
682429480204398592,whippet,0.594701
682638830361513985,English_springer,0.440781
682662431982772225,beagle,0.413824
682750546109968385,English_setter,0.947198
682962037429899265,Chihuahua,0.2786
683030066213818368,boxer,0.722218
683078886620553216,Eskimo_dog,0.141432
683098815881154561,golden_retriever,0.889848
683111407806746624,cocker_spaniel,0.901392
683142553609318400,Leonberg,0.605851
683357973142474752,Pembroke,0.406509
683391852557561860,French_bulldog,0.992833
683449695444799489,Lakeland_terrier,0.303512
683462770029932544,Italian_greyhound,0.39956
683481228088049664,keeshond,0.508951
683498322573824003,Airedale,0.945362
683742671509258241,Pembroke,0.895279
683773439333797890,miniature_pinscher,0.0728852
683828599284170753,malamute,0.577376
683834909291606017,Maltese_dog,0.738449
683849932751646720,Mexican_hairless,0.458855
683852578183077888,toy_poodle,0.5513520000000001
683857920510050305,bluetick,0.174738
684097758874210310,Labrador_retriever,0.6278560000000001
684177701129875456,chow,0.334783
684188786104872960,kelpie,0.537782
684195085588783105,Chihuahua,0.379365
684222868335505415,soft-coated_wheaten_terrier,0.7911819999999999
684225744407494656,golden_retriever,0.203249
684241637099323392,Pembroke,0.508498
684460069371654144,Labrador_retriever,0.673691
684481074559381504,Chihuahua,0.93781
684538444857667585,Chihuahua,0.702583
684594889858887680,Weimaraner,0.948688
684800227459624960,miniature_schnauzer,0.294457
684902183876321280,Pembroke,0.708034
684914660081053696,chow,0.46095
684926975086034944,Labrador_retriever,0.769412
684940049151070208,Border_collie,0.665578
685169283572338688,Bernese_mountain_dog,0.975096
685198997565345792,Old_English_sheepdog,0.00967138
685268753634967552,pug,0.999044
685307451701334016,Pomeranian,0.963176
685315239903100929,chow,0.470162
685321586178670592,Boston_bull,0.972483
685325112850124800,golden_retriever,0.586937
685532292383666176,collie,0.0958052
685641971164143616,Lakeland_terrier,0.253839
685663452032069632,Chesapeake_Bay_retriever,0.171174
685906723014619143,Yorkshire_terrier,0.414963
685943807276412928,papillon,0.200812
685973236358713344,Siberian_husky,0.450678
686007916130873345,Rhodesian_ridgeback,0.885301
686034024800862208,Great_Dane,0.23692
686050296934563840,Pomeranian,0.985789
686358356425093120,pug,0.985237
686377065986265092,German_shepherd,0.830816
686386521809772549,Yorkshire_terrier,0.477704
686606069955735556,Labrador_retriever,0.320012
686618349602762752,Rottweiler,0.441331
686683045143953408,Norwich_terrier,0.100499
686730991906516992,Tibetan_mastiff,0.338812
687096057537363968,Labrador_retriever,0.417107
687109925361856513,borzoi,0.883086
687124485711986689,beagle,0.000216206
687127927494963200,pug,0.178205
687312378585812992,Great_Dane,0.703561
687317306314240000,Shih-Tzu,0.747208
687460506001633280,Boston_bull,0.223366
687480748861947905,English_springer,0.472273
687494652870668288,Rottweiler,0.391471
687664829264453632,pug,0.957365
687704180304273409,miniature_pinscher,0.956063
687807801670897665,Staffordshire_bullterrier,0.151113
687818504314159109,Lakeland_terrier,0.873029
687826841265172480,Pomeranian,0.99721
688064179421470721,Eskimo_dog,0.240602
688116655151435777,pug,0.973819
688385280030670848,golden_retriever,0.900437
688519176466644993,Pembroke,0.696372
688547210804498433,papillon,0.531279
688789766343622656,American_Staffordshire_terrier,0.5996600000000001
688804835492233216,malinois,0.199512
688828561667567616,Cardigan,0.6142310000000001
688898160958271489,Ibizan_hound,0.8531700000000001
688916208532455424,Pembroke,0.430544
689143371370250240,English_springer,0.303781
689154315265683456,cocker_spaniel,0.816044
689275259254616065,American_Staffordshire_terrier,0.215161
689280876073582592,Chihuahua,0.6375460000000001
689283819090870273,Scotch_terrier,0.267979
689517482558820352,Pembroke,0.799319
689557536375177216,Eskimo_dog,0.169482
689599056876867584,cocker_spaniel,0.426494
689623661272240129,toy_poodle,0.279604
689661964914655233,Italian_greyhound,0.322818
689835978131935233,collie,0.600186
689877686181715968,Old_English_sheepdog,0.26915500000000003
689905486972461056,Pomeranian,0.943331
689977555533848577,Labrador_retriever,0.291081
689999384604450816,standard_poodle,0.444499
690005060500217858,Samoyed,0.270287
690015576308211712,malamute,0.949609
690021994562220032,malamute,0.0406958
690360449368465409,pug,0.686933
690374419777196032,kuvasz,0.286345
690400367696297985,Pembroke,0.426459
690597161306841088,Lhasa,0.0974997
690649993829576704,Mexican_hairless,0.0981708
690690673629138944,Maltese_dog,0.08962460000000001
690728923253055490,kuvasz,0.422806
690735892932222976,golden_retriever,0.883229
690959652130045952,golden_retriever,0.862964
691096613310316544,borzoi,0.441269
691321916024623104,Rottweiler,0.508981
691416866452082688,Lakeland_terrier,0.530104
691444869282295808,Bernese_mountain_dog,0.767563
691459709405118465,Shetland_sheepdog,0.5512060000000001
691483041324204033,bloodhound,0.886232
691675652215414786,Chihuahua,0.182898
691756958957883396,Saint_Bernard,0.342571
692017291282812928,Tibetan_terrier,0.247565
692142790915014657,toy_poodle,0.670068
692158366030913536,pug,0.956565
692187005137076224,Siberian_husky,0.810592
692530551048294401,Siberian_husky,0.486428
692535307825213440,pug,0.41309
692568918515392513,golden_retriever,0.636845
692752401762250755,Samoyed,0.471276
692828166163931137,Samoyed,0.985857
692894228850999298,German_short-haired_pointer,0.876977
692901601640583168,soft-coated_wheaten_terrier,0.403496
692905862751522816,Mexican_hairless,0.162638
692919143163629568,Saint_Bernard,0.612635
693095443459342336,Yorkshire_terrier,0.033487800000000005
693109034023534592,cocker_spaniel,0.740013
693155686491000832,Shih-Tzu,0.69748
693231807727280129,vizsla,0.8764129999999999
693262851218264065,golden_retriever,0.989333
693280720173801472,Labrador_retriever,0.340008
693622659251335168,malamute,0.449298
693629975228977152,pug,0.841987
693642232151285760,Scottish_deerhound,0.111893
693942351086120961,groenendael,0.550796
694001791655137281,Pembroke,0.769999
694183373896572928,Pekinese,0.441499
694206574471057408,Shih-Tzu,0.352547
694329668942569472,boxer,0.99006
694352839993344000,Australian_terrier,0.407886
694356675654983680,Pomeranian,0.429871
695051054296211456,Boston_bull,0.761454
695074328191332352,Shih-Tzu,0.5101060000000001
695095422348574720,papillon,0.227784
695314793360662529,Maltese_dog,0.678547
695409464418041856,pug,0.997445
695446424020918272,basenji,0.748904
695629776980148225,Old_English_sheepdog,0.693857
695767669421768709,soft-coated_wheaten_terrier,0.805139
695794761660297217,Samoyed,0.962139
695816827381944320,Pomeranian,0.382234
696405997980676096,borzoi,0.132845
696488710901260288,briard,0.369063
696713835009417216,Chesapeake_Bay_retriever,0.379797
696754882863349760,toy_poodle,0.13783199999999998
696886256886657024,kuvasz,0.383941
696894894812565505,Appenzeller,0.665628
696900204696625153,Chihuahua,0.297735
697242256848379904,Eskimo_dog,0.0635328
697255105972801536,Great_Dane,0.173989
697259378236399616,Great_Dane,0.999223
697270446429966336,toy_poodle,0.880014
697463031882764288,Labrador_retriever,0.999885
697575480820686848,whippet,0.256698
697596423848730625,Shetland_sheepdog,0.621668
697616773278015490,Lhasa,0.521931
697943111201378304,Great_Dane,0.126924
697990423684476929,Pembroke,0.984783
697995514407682048,Staffordshire_bullterrier,0.280222
698178924120031232,Chesapeake_Bay_retriever,0.351868
698195409219559425,Labrador_retriever,0.64369
698262614669991936,Italian_greyhound,0.107948
698342080612007937,boxer,0.8830479999999999
698355670425473025,pug,0.990191
698549713696649216,French_bulldog,0.998544
698635131305795584,Samoyed,0.15846400000000002
698703483621523456,Brittany_spaniel,0.931963
698710712454139905,Samoyed,0.329895
698907974262222848,German_short-haired_pointer,0.983131
698953797952008193,Italian_greyhound,0.382378
698989035503689728,Norfolk_terrier,0.24634
699036661657767936,Chihuahua,0.222943
699072405256409088,Shih-Tzu,0.599587
699079609774645248,schipperke,0.667324
699323444782047232,Labrador_retriever,0.309696
699370870310113280,cairn,0.337557
699413908797464576,Samoyed,0.517479
699423671849451520,pug,0.99786
699434518667751424,golden_retriever,0.836572
699446877801091073,Pembroke,0.9694
699775878809702401,Dandie_Dinmont,0.271683
699779630832685056,malinois,0.706038
699788877217865730,Border_terrier,0.35506
699801817392291840,golden_retriever,0.808978
700002074055016451,Chihuahua,0.369488
700029284593901568,West_Highland_white_terrier,0.726571
700143752053182464,golden_retriever,0.53246
700151421916807169,Italian_greyhound,0.328236
700167517596164096,beagle,0.16258499999999998
700462010979500032,Pomeranian,0.678651
700505138482569216,Norwegian_elkhound,0.449684
700518061187723268,American_Staffordshire_terrier,0.569501
700747788515020802,Great_Pyrenees,0.481333
700847567345688576,Rhodesian_ridgeback,0.252514
700864154249383937,kuvasz,0.8058569999999999
700890391244103680,schipperke,0.16656300000000002
701214700881756160,Chihuahua,0.615163
701545186879471618,Border_collie,0.280893
701570477911896070,Yorkshire_terrier,0.90799
701601587219795968,Chihuahua,0.993661
701889187134500865,French_bulldog,0.902856
701952816642965504,toy_poodle,0.33170700000000003
701981390485725185,Pomeranian,0.491022
702217446468493312,golden_retriever,0.242419
702276748847800320,Boston_bull,0.697303
702321140488925184,West_Highland_white_terrier,0.769159
702539513671897089,Pomeranian,0.714367
702598099714314240,kelpie,0.219179
702671118226825216,bloodhound,0.381227
702684942141153280,golden_retriever,0.514085
703079050210877440,Pembroke,0.778503
703268521220972544,kuvasz,0.038243
703356393781329922,Border_collie,0.894842
703382836347330562,golden_retriever,0.945664
703425003149250560,miniature_pinscher,0.292866
703611486317502464,Pembroke,0.756441
703769065844768768,boxer,0.838994
703774238772166656,Labrador_retriever,0.990119
704054845121142784,Great_Pyrenees,0.6679390000000001
704347321748819968,Brittany_spaniel,0.0829173
704364645503647744,Pembroke,0.980695
704480331685040129,Samoyed,0.979206
704499785726889984,Chihuahua,0.376541
704761120771465216,Chihuahua,0.202294
704847917308362754,golden_retriever,0.85724
704859558691414016,pug,0.284428
704871453724954624,Norfolk_terrier,0.689504
705066031337840642,Airedale,0.868658
705102439679201280,collie,0.457672
705223444686888960,Chesapeake_Bay_retriever,0.0905082
705239209544720384,Chihuahua,0.15795
705428427625635840,Chihuahua,0.774792
705442520700944385,Great_Pyrenees,0.309106
705475953783398401,golden_retriever,0.908784
705591895322394625,basenji,0.877207
705786532653883392,Labrador_retriever,0.550294
705898680587526145,collie,0.808276
705970349788291072,golden_retriever,0.776346
705975130514706432,Staffordshire_bullterrier,0.5877640000000001
706166467411222528,Samoyed,0.430418
706265994973601792,papillon,0.743715
706291001778950144,Border_terrier,0.587101
706310011488698368,Pembroke,0.6981649999999999
706346369204748288,Tibetan_mastiff,0.956462
706516534877929472,golden_retriever,0.7726850000000001
706538006853918722,chow,0.541794
706644897839910912,Chihuahua,0.137871
706681918348251136,toy_poodle,0.717584
707014260413456384,Chihuahua,0.58378
707021089608753152,cocker_spaniel,0.559658
707038192327901184,pug,0.642426
707059547140169728,Samoyed,0.8973120000000001
707297311098011648,Blenheim_spaniel,0.370717
707315916783140866,Bernese_mountain_dog,0.979235
707377100785885184,golden_retriever,0.637225
707387676719185920,Chihuahua,0.888468
707411934438625280,Lakeland_terrier,0.7382770000000001
707420581654872064,kuvasz,0.518215
707610948723478529,golden_retriever,0.383223
707741517457260545,whippet,0.738371
707776935007539200,miniature_pinscher,0.890426
707969809498152960,toy_poodle,0.908491
708026248782585858,malinois,0.7864680000000001
708109389455101952,Staffordshire_bullterrier,0.5161060000000001
708119489313951744,Norwich_terrier,0.264483
708130923141795840,French_bulldog,0.710354
708149363256774660,Cardigan,0.350993
708349470027751425,basenji,0.24389
708356463048204288,pug,0.871283
708469915515297792,Chihuahua,0.748163
708479650088034305,Shih-Tzu,0.218479
708711088997666817,German_short-haired_pointer,0.912961
708738143638450176,Pomeranian,0.933457
708810915978854401,golden_retriever,0.976139
708834316713893888,Eskimo_dog,0.283945
708845821941387268,schipperke,0.74564
709042156699303936,Rottweiler,0.8265790000000001
709158332880297985,Siberian_husky,0.212957
709198395643068416,borzoi,0.490783
709207347839836162,Chihuahua,0.948323
709225125749587968,Labrador_retriever,0.271109
709409458133323776,Shetland_sheepdog,0.79745
709449600415961088,Maltese_dog,0.780187
709519240576036864,cocker_spaniel,0.414982
709556954897764353,golden_retriever,0.790026
709566166965075968,chow,0.999837
709852847387627521,Chihuahua,0.945629
709918798883774466,Pembroke,0.956222
710117014656950272,toy_poodle,0.802092
710140971284037632,Pekinese,0.95317
710153181850935296,cocker_spaniel,0.00271296
710269109699739648,pug,0.415495
710272297844797440,Old_English_sheepdog,0.586307
710283270106132480,Shih-Tzu,0.932401
710588934686908417,Pembroke,0.982004
710658690886586372,soft-coated_wheaten_terrier,0.948617
710833117892898816,Pembroke,0.803742
710844581445812225,Pembroke,0.536593
710997087345876993,malamute,0.28126
711008018775851008,French_bulldog,0.731405
711306686208872448,Dandie_Dinmont,0.0867925
711363825979756544,Pembroke,0.7509060000000001
711732680602345472,Ibizan_hound,0.366875
711743778164514816,Lakeland_terrier,0.459515
711998809858043904,kuvasz,0.105171
712085617388212225,Shih-Tzu,0.625129
712097430750289920,Labrador_retriever,0.720481
712438159032893441,Great_Pyrenees,0.869477
712668654853337088,Labrador_retriever,0.829058
712717840512598017,Great_Pyrenees,0.732043
712809025985978368,Labrador_retriever,0.8686709999999999
713175907180089344,malamute,0.503788
713177543487135744,whippet,0.734244
713411074226274305,Great_Pyrenees,0.720337
713761197720473600,Brittany_spaniel,0.797936
713900603437621249,golden_retriever,0.371816
713919462244790272,Siberian_husky,0.463223
714141408463036416,Labrador_retriever,0.586951
714214115368108032,pug,0.533967
714251586676113411,soft-coated_wheaten_terrier,0.751962
714258258790387713,collie,0.176758
714606013974974464,Norfolk_terrier,0.293007
714957620017307648,Great_Pyrenees,0.251516
714982300363173890,Brittany_spaniel,0.944376
715009755312439296,Chihuahua,0.31090300000000004
715200624753819648,Chihuahua,0.956787
715220193576927233,Chihuahua,0.584026
715342466308784130,West_Highland_white_terrier,0.597111
715680795826982913,golden_retriever,0.990715
715696743237730304,Staffordshire_bullterrier,0.427836
715733265223708672,Dandie_Dinmont,0.740229
715928423106027520,pug,0.976685
716080869887381504,golden_retriever,0.638625
716285507865542656,Yorkshire_terrier,0.43042
716439118184652801,Siberian_husky,0.396495
716791146589110272,Pomeranian,0.468751
716802964044845056,malinois,0.619577
717009362452090881,Siberian_husky,0.506154
717047459982213120,golden_retriever,0.983548
717421804990701568,miniature_pinscher,0.286479
717537687239008257,golden_retriever,0.779356
717841801130979328,Brittany_spaniel,0.922876
718234618122661888,malamute,0.370152
718246886998687744,Chihuahua,0.354488
718460005985447936,Boston_bull,0.356946
718540630683709445,Maltese_dog,0.632289
718613305783398402,Labrador_retriever,0.58458
718631497683582976,Pomeranian,0.993718
718939241951195136,Pembroke,0.7663270000000001
718971898235854848,golden_retriever,0.14039400000000002
719332531645071360,Dandie_Dinmont,0.224415
719339463458033665,golden_retriever,0.765778
719367763014393856,soft-coated_wheaten_terrier,0.171486
719551379208073216,malamute,0.873233
719991154352222208,golden_retriever,0.605304
720043174954147842,Samoyed,0.954517
720059472081784833,Mexican_hairless,0.451852
720389942216527872,Pembroke,0.873977
720415127506415616,Rottweiler,0.990312
720775346191278080,Newfoundland,0.48997
720785406564900865,Chihuahua,0.8964219999999999
721001180231503872,Samoyed,0.950053
721503162398597120,Pomeranian,0.99775
722613351520608256,Labrador_retriever,0.5309149999999999
722974582966214656,Great_Dane,0.246762
723179728551723008,Norwegian_elkhound,0.0568505
723673163800948736,golden_retriever,0.83939
723688335806480385,chow,0.263256
723912936180330496,Samoyed,0.991772
724004602748780546,pug,0.950526
724046343203856385,boxer,0.8262719999999999
724049859469295616,Border_collie,0.581835
724405726123311104,golden_retriever,0.240695
724771698126512129,German_short-haired_pointer,0.835491
724983749226668032,golden_retriever,0.67575
725729321944506368,boxer,0.599076
725786712245440512,chow,0.33576100000000003
725842289046749185,toy_poodle,0.420463
726224900189511680,standard_poodle,0.261112
726828223124897792,miniature_pinscher,0.255327
726887082820554753,soft-coated_wheaten_terrier,0.5159189999999999
726935089318363137,toy_poodle,0.821615
727175381690781696,flat-coated_retriever,0.656463
727286334147182592,Chihuahua,0.0705542
727314416056803329,toy_poodle,0.827469
727524757080539137,Pomeranian,0.958834
727644517743104000,Great_Pyrenees,0.457164
727685679342333952,Border_collie,0.462408
728015554473250816,cocker_spaniel,0.384559
728035342121635841,Pomeranian,0.30296100000000004
728046963732717569,Newfoundland,0.255971
728387165835677696,collie,0.266414
728409960103686147,Saint_Bernard,0.478278
728751179681943552,Saint_Bernard,0.48205
728760639972315136,Pembroke,0.939134
728986383096946689,Maltese_dog,0.95207
729463711119904772,German_shepherd,0.829307
729823566028484608,kelpie,0.218408
730211855403241472,pug,0.341663
730427201120833536,Eskimo_dog,0.682082
730573383004487680,American_Staffordshire_terrier,0.810158
730924654643314689,Newfoundland,0.0862411
731285275100512256,Pembroke,0.967103
732005617171337216,English_setter,0.677408
732375214819057664,basset,0.998673
732585889486888962,Staffordshire_bullterrier,0.843359
732726085725589504,Pomeranian,0.961902
732732193018155009,Staffordshire_bullterrier,0.162935
733109485275860992,golden_retriever,0.945523
733460102733135873,chow,0.931275
733482008106668032,French_bulldog,0.619382
733822306246479872,Lhasa,0.457356
733828123016450049,beagle,0.472324
734776360183431168,Siberian_husky,0.304902
734787690684657664,golden_retriever,0.883991
734912297295085568,Maltese_dog,0.847292
735137028879360001,Walker_hound,0.413535
735256018284875776,Staffordshire_bullterrier,0.523191
735635087207878657,pug,0.8918709999999999
735648611367784448,Pembroke,0.462594
735991953473572864,cocker_spaniel,0.961643
736010884653420544,golden_retriever,0.553901
736225175608430592,Labrador_retriever,0.399217
736365877722001409,toy_poodle,0.473555
736736130620620800,schipperke,0.545502
737445876994609152,Samoyed,0.400568
737678689543020544,Pembroke,0.935307
737800304142471168,malamute,0.374682
737826014890496000,vizsla,0.990391
738156290900254721,pug,0.751758
738166403467907072,keeshond,0.8788860000000001
738184450748633089,Bedlington_terrier,0.289471
738402415918125056,cocker_spaniel,0.346695
738537504001953792,chow,0.808737
738883359779196928,Labrador_retriever,0.691137
738885046782832640,American_Staffordshire_terrier,0.0155351
739238157791694849,Eskimo_dog,0.503372
739485634323156992,Walker_hound,0.640256
739544079319588864,Labrador_retriever,0.967397
739606147276148736,Blenheim_spaniel,0.933755
739844404073074688,toy_poodle,0.342397
739932936087216128,redbone,0.243904
739979191639244800,Irish_water_spaniel,0.2858
740214038584557568,Chesapeake_Bay_retriever,0.586414
740359016048689152,golden_retriever,0.8636870000000001
740373189193256964,golden_retriever,0.8076439999999999
740676976021798912,Norwegian_elkhound,0.462952
740711788199743490,toy_poodle,0.388277
740995100998766593,malamute,0.454363
741067306818797568,golden_retriever,0.843799
741303864243200000,Chihuahua,0.7681560000000001
741438259667034112,Chesapeake_Bay_retriever,0.292675
741743634094141440,Labrador_retriever,0.786089
741793263812808706,kuvasz,0.311325
742150209887731712,French_bulldog,0.112413
742385895052087300,Cardigan,0.5669109999999999
742423170473463808,pug,0.99731
743210557239623680,golden_retriever,0.930705
743222593470234624,kuvasz,0.350629
743253157753532416,malamute,0.442612
743545585370791937,standard_poodle,0.876875
743609206067040256,Weimaraner,0.982794
743895849529389061,dalmatian,0.562315
743980027717509120,bull_mastiff,0.97573
744234799360020481,Labrador_retriever,0.825333
744334592493166593,Samoyed,0.960543
744709971296780288,Shetland_sheepdog,0.234431
744971049620602880,toy_poodle,0.497755
744995568523612160,Old_English_sheepdog,0.4274810000000001
745057283344719872,Shetland_sheepdog,0.963985
745422732645535745,Labrador_retriever,0.6638
745433870967832576,basset,0.999962
745712589599014916,chow,0.379055
745789745784041472,Pekinese,0.984267
746056683365994496,Shetland_sheepdog,0.43332
746131877086527488,chow,0.575637
746369468511756288,German_shepherd,0.622957
746507379341139972,toy_poodle,0.508292
746726898085036033,golden_retriever,0.25650500000000004
746790600704425984,Boston_bull,0.936183
746818907684614144,Ibizan_hound,0.101537
746872823977771008,Pembroke,0.540201
747103485104099331,Labrador_retriever,0.991954
747219827526344708,Shetland_sheepdog,0.548018
747512671126323200,Cardigan,0.111493
747594051852075008,basenji,0.389136
747600769478692864,Chesapeake_Bay_retriever,0.804363
747816857231626240,Pembroke,0.7689229999999999
747844099428986880,Pembroke,0.360428
747885874273214464,kuvasz,0.40845
747933425676525569,Samoyed,0.998201
747963614829678593,kelpie,0.307672
748324050481647620,Shetland_sheepdog,0.880499
748346686624440324,borzoi,0.5964550000000001
748568946752774144,Tibetan_terrier,0.32816100000000004
748575535303884801,soft-coated_wheaten_terrier,0.0864988
748699167502000129,Pembroke,0.849029
748932637671223296,borzoi,0.742912
748977405889503236,German_short-haired_pointer,0.742216
749036806121881602,West_Highland_white_terrier,0.960276
749064354620928000,pug,0.985222
749317047558017024,wire-haired_fox_terrier,0.155144
749395845976588288,Pomeranian,0.973715
749403093750648834,Chesapeake_Bay_retriever,0.694541
749417653287129088,papillon,0.772894
749774190421639168,Pekinese,0.8790120000000001
749996283729883136,Old_English_sheepdog,0.515319
750011400160841729,Boston_bull,0.23762
750026558547456000,standard_poodle,0.258732
750041628174217216,Labrador_retriever,0.252031
750056684286914561,Saluki,0.484428
750071704093859840,redbone,0.382113
750086836815486976,pug,0.978277
750101899009982464,golden_retriever,0.316704
750117059602808832,Shih-Tzu,0.814405
750132105863102464,toy_poodle,0.4780180000000001
750147208377409536,pug,0.977765
750383411068534784,Border_collie,0.672791
750429297815552001,golden_retriever,0.964929
750719632563142656,Pembroke,0.972587
750868782890057730,toy_poodle,0.912648
751132876104687617,Labrador_retriever,0.92939
751205363882532864,Labrador_retriever,0.947164
751251247299190784,Walker_hound,0.178852
751456908746354688,golden_retriever,0.714409
751538714308972544,Labrador_retriever,0.516257
751583847268179968,dalmatian,0.8683040000000001
751598357617971201,toy_poodle,0.757756
751830394383790080,chow,0.703569
751937170840121344,Lakeland_terrier,0.4241680000000001
752173152931807232,Labrador_retriever,0.527659
752309394570878976,golden_retriever,0.303415
752334515931054080,Bedlington_terrier,0.399163
752519690950500352,Labrador_retriever,0.999984
752660715232722944,English_setter,0.339324
752682090207055872,German_shepherd,0.299966
752917284578922496,German_shepherd,0.609283
753026973505581056,Pembroke,0.868511
753294487569522689,chow,0.194773
753375668877008896,bluetick,0.36007100000000003
753398408988139520,whippet,0.163794
753655901052166144,miniature_pinscher,0.456092
754011816964026368,French_bulldog,0.600985
754120377874386944,chow,0.168909
754449512966619136,beagle,0.858513
754856583969079297,golden_retriever,0.8723850000000001
754874841593970688,pug,0.27220500000000003
755110668769038337,Labrador_retriever,0.708974
755955933503782912,Pekinese,0.596882
756275833623502848,Airedale,0.602957
756288534030475264,French_bulldog,0.925621
756303284449767430,golden_retriever,0.981652
756651752796094464,Pembroke,0.294808
756939218950160384,golden_retriever,0.790371
756998049151549440,golden_retriever,0.678555
757354760399941633,Italian_greyhound,0.914667
757393109802180609,Labrador_retriever,0.787125
757400162377592832,golden_retriever,0.523926
757611664640446465,bluetick,0.829259
757725642876129280,Labrador_retriever,0.425176
757729163776290825,schipperke,0.802333
757741869644341248,Old_English_sheepdog,0.609715
758041019896193024,Cardigan,0.794272
758355060040593408,Pembroke,0.987643
758405701903519748,Chesapeake_Bay_retriever,0.702954
758467244762497024,Labrador_retriever,0.4363770000000001
758474966123810816,Pembroke,0.546145
758740312047005698,Chesapeake_Bay_retriever,0.848514
758828659922702336,Chesapeake_Bay_retriever,0.480048
758854675097526272,Old_English_sheepdog,0.974047
759047813560868866,Labrador_retriever,0.778546
759099523532779520,Shetland_sheepdog,0.12903399999999998
759159934323924993,Irish_terrier,0.254856
759197388317847553,kuvasz,0.5113409999999999
759447681597108224,kuvasz,0.223148
759557299618865152,golden_retriever,0.763333
759566828574212096,Labrador_retriever,0.967397
759793422261743616,golden_retriever,0.985876
759846353224826880,Sussex_spaniel,0.355395
759923798737051648,Labrador_retriever,0.324579
760290219849637889,Old_English_sheepdog,0.3022
760539183865880579,Samoyed,0.988013
760656994973933572,golden_retriever,0.760546
760893934457552897,Blenheim_spaniel,0.113992
761004547850530816,golden_retriever,0.735163
761227390836215808,French_bulldog,0.306512
761292947749015552,standard_poodle,0.6608930000000001
761334018830917632,Norwegian_elkhound,0.8229360000000001
761599872357261312,Gordon_setter,0.240427
761750502866649088,golden_retriever,0.586937
761976711479193600,Labrador_retriever,0.475552
762464539388485633,chow,0.999953
762471784394268675,Samoyed,0.540276
762699858130116608,kelpie,0.519047
763103485927849985,chow,0.0390848
763183847194451968,miniature_poodle,0.354674
763837565564780549,malamute,0.375098
764259802650378240,German_shepherd,0.973677
764857477905154048,Bernese_mountain_dog,0.7920590000000001
765222098633691136,dalmatian,0.556595
765371061932261376,golden_retriever,0.829456
765395769549590528,Pembroke,0.509491
765669560888528897,beagle,0.993333
765719909049503744,golden_retriever,0.969518
766008592277377025,Welsh_springer_spaniel,0.7281529999999999
766069199026450432,redbone,0.484855
766078092750233600,toy_poodle,0.420463
766313316352462849,toy_poodle,0.966896
766423258543644672,keeshond,0.995823
766693177336135680,Doberman,0.948355
766793450729734144,beagle,0.451697
767122157629476866,toy_poodle,0.873841
767500508068192258,chow,0.483228
767754930266464257,vizsla,0.307794
768473857036525572,Labrador_retriever,0.73917
768596291618299904,Great_Pyrenees,0.729745
768609597686943744,basenji,0.183283
768855141948723200,chow,0.7202189999999999
768970937022709760,Pomeranian,0.182358
769212283578875904,golden_retriever,0.16653800000000002
769695466921623552,pug,0.407117
769940425801170949,miniature_pinscher,0.796313
770069151037685760,Boston_bull,0.414965
770093767776997377,golden_retriever,0.843799
770293558247038976,Italian_greyhound,0.931668
770414278348247044,golden_retriever,0.0535696
770772759874076672,chow,0.979515
770787852854652928,Bernese_mountain_dog,0.787812
771102124360998913,Labrador_retriever,0.568789
771136648247640064,golden_retriever,0.36866
771171053431250945,Samoyed,0.978833
771380798096281600,collie,0.503728
771500966810099713,Labrador_retriever,0.833952
771770456517009408,papillon,0.53318
772102971039580160,Pembroke,0.54178
772114945936949249,Chihuahua,0.803293
772117678702071809,Labrador_retriever,0.217821
772152991789019136,golden_retriever,0.275318
772193107915964416,Pembroke,0.367945
772581559778025472,Newfoundland,0.574345
772615324260794368,dalmatian,0.556595
772826264096874500,basset,0.915351
772877495989305348,Norwegian_elkhound,0.218303
773191612633579521,Blenheim_spaniel,0.427766
773247561583001600,miniature_pinscher,0.713588
773308824254029826,Labrador_retriever,0.572349
773547596996571136,Norwegian_elkhound,0.372202
773670353721753600,Old_English_sheepdog,0.969311
773704687002451968,silky_terrier,0.324251
773922284943896577,Pomeranian,0.554331
773985732834758656,pug,0.10957
774314403806253056,Eskimo_dog,0.5960449999999999
774639387460112384,Walker_hound,0.6275930000000001
774757898236878852,toy_poodle,0.7199409999999999
775085132600442880,chow,0.316565
775364825476165632,beagle,0.571229
775842724423557120,chow,0.520022
775898661951791106,golden_retriever,0.945523
776088319444877312,pug,0.999916
776201521193218049,Rottweiler,0.502228
776218204058357768,Samoyed,0.940326
776477788987613185,Labrador_retriever,0.8848389999999999
776813020089548800,toy_poodle,0.51661
776819012571455488,Chihuahua,0.346545
777189768882946048,Chihuahua,0.988412
777621514455814149,chow,0.999823
777641927919427584,golden_retriever,0.964929
777684233540206592,cocker_spaniel,0.253442
777885040357281792,Afghan_hound,0.123529
778027034220126208,clumber,0.946718
778039087836069888,German_shepherd,0.717776
778286810187399168,Boston_bull,0.32207
778383385161035776,collie,0.345266
778408200802557953,Pembroke,0.8483620000000001
778624900596654080,Airedale,0.786089
778650543019483137,German_shepherd,0.515699
778748913645780993,Staffordshire_bullterrier,0.351434
778990705243029504,cocker_spaniel,0.7153510000000001
779056095788752897,Chihuahua,0.721188
779123168116150273,toy_poodle,0.43108
779834332596887552,golden_retriever,0.99383
780192070812196864,vizsla,0.144012
780459368902959104,Great_Dane,0.382491
780476555013349377,pug,0.919255
780496263422808064,pug,0.99731
780543529827336192,golden_retriever,0.628312
780601303617732608,Saint_Bernard,0.995143
780800785462489090,Siberian_husky,0.951963
780858289093574656,Chesapeake_Bay_retriever,0.488555
781163403222056960,Shetland_sheepdog,0.973841
781251288990355457,Mexican_hairless,0.8877709999999999
781524693396357120,Chesapeake_Bay_retriever,0.994712
781661882474196992,Pembroke,0.438087
782021823840026624,golden_retriever,0.383223
782305867769217024,briard,0.5044270000000001
782598640137187329,malamute,0.8408709999999999
782722598790725632,Irish_setter,0.574557
782747134529531904,golden_retriever,0.560699
782969140009107456,golden_retriever,0.474292
783085703974514689,Chesapeake_Bay_retriever,0.240602
783334639985389568,Cardigan,0.593858
783347506784731136,Cardigan,0.611525
783391753726550016,Norwegian_elkhound,0.87713
783466772167098368,Chihuahua,0.789
783695101801398276,chow,0.314265
783821107061198850,Lakeland_terrier,0.26565900000000003
784431430411685888,miniature_poodle,0.744819
784517518371221505,malamute,0.757764
784826020293709826,chow,0.0903414
785170936622350336,Eskimo_dog,0.891193
785264754247995392,chow,0.056137
785533386513321988,miniature_pinscher,0.436023
785872687017132033,Great_Pyrenees,0.392108
785927819176054784,toy_poodle,0.97207
786036967502913536,golden_retriever,0.99383
786233965241827333,Labrador_retriever,0.478193
786363235746385920,golden_retriever,0.929266
786595970293370880,Pembroke,0.709512
786664955043049472,Leonberg,0.512034
786709082849828864,Pomeranian,0.467321
786963064373534720,golden_retriever,0.915303
787322443945877504,golden_retriever,0.747739
787397959788929025,Chihuahua,0.900483
787717603741622272,German_shepherd,0.992339
787810552592695296,pug,0.362835
788070120937619456,golden_retriever,0.735163
788150585577050112,chow,0.814145
788178268662984705,Samoyed,0.73548
788412144018661376,golden_retriever,0.805238
788765914992902144,cocker_spaniel,0.500509
788908386943430656,golden_retriever,0.0340897
789137962068021249,Chihuahua,0.746135
789268448748703744,malamute,0.81286
789530877013393408,schipperke,0.363272
789599242079838210,Chesapeake_Bay_retriever,0.8788219999999999
789628658055020548,chow,0.260702
789986466051088384,golden_retriever,0.07853049999999999
790277117346975746,Labrador_retriever,0.427742
790337589677002753,Pembroke,0.658808
790581949425475584,malinois,0.998886
790698755171364864,Bernese_mountain_dog,0.996541
790723298204217344,golden_retriever,0.07853049999999999
790946055508652032,golden_retriever,0.700466
790987426131050500,cocker_spaniel,0.349195
791026214425268224,malamute,0.375098
791312159183634433,miniature_pinscher,0.892925
791406955684368384,Pembroke,0.972629
791672322847637504,golden_retriever,0.705092
792050063153438720,komondor,0.942856
792394556390137856,cocker_spaniel,0.746387
792773781206999040,Yorkshire_terrier,0.912804
792883833364439040,standard_poodle,8.31451e-05
793120401413079041,Labrador_retriever,0.7249439999999999
793150605191548928,Italian_greyhound,0.193869
793165685325201412,golden_retriever,0.946224
793180763617361921,Lakeland_terrier,0.266824
793195938047070209,Labrador_retriever,0.654762
793210959003287553,French_bulldog,0.874431
793226087023144960,wire-haired_fox_terrier,0.456047
793241302385262592,golden_retriever,0.559308
793256262322548741,basset,0.207622
793271401113350145,Siberian_husky,0.231695
793286476301799424,Afghan_hound,0.274637
793500921481273345,golden_retriever,0.326122
793601777308463104,miniature_pinscher,0.538981
793614319594401792,golden_retriever,0.705092
793845145112371200,Old_English_sheepdog,0.7652770000000001
793962221541933056,Labrador_retriever,0.8616510000000001
794332329137291264,Samoyed,0.988307
794355576146903043,cocker_spaniel,0.500509
794926597468000259,toy_poodle,0.0376618
794983741416415232,schipperke,0.363272
795400264262053889,golden_retriever,0.925494
795464331001561088,golden_retriever,0.193082
796031486298386433,golden_retriever,0.893775
796080075804475393,chow,0.973846
796116448414461957,Cardigan,0.700182
796149749086875649,golden_retriever,0.600276
796177847564038144,golden_retriever,0.600276
796387464403357696,Pekinese,0.461164
796484825502875648,cocker_spaniel,0.116924
796759840936919040,American_Staffordshire_terrier,0.463996
796865951799083009,Cardigan,0.8391290000000001
797236660651966464,collie,0.767005
797545162159308800,Pembroke,0.954089
797971864723324932,American_Staffordshire_terrier,0.489845
798209839306514432,Pekinese,0.524583
798340744599797760,papillon,0.53318
798628517273620480,beagle,0.636169
798644042770751489,English_springer,0.403698
798665375516884993,chow,0.243529
798694562394996736,Chihuahua,0.615163
798697898615730177,Labrador_retriever,0.8686709999999999
798925684722855936,West_Highland_white_terrier,0.539463
798933969379225600,Siberian_husky,0.703224
799063482566066176,Norfolk_terrier,0.334436
799297110730567681,malamute,0.985028
799422933579902976,miniature_pinscher,0.58363
799757965289017345,Border_collie,0.442534
799774291445383169,chow,0.316565
800141422401830912,golden_retriever,0.938048
800388270626521089,golden_retriever,0.35986
800513324630806528,Pembroke,0.8289040000000001
800751577355128832,cocker_spaniel,0.771984
801115127852503040,dalmatian,0.823356
801167903437357056,cocker_spaniel,0.74022
801538201127157760,Pembroke,0.550506
801958328846974976,Staffordshire_bullterrier,0.327887
802239329049477120,Eskimo_dog,0.482498
802247111496568832,Chihuahua,0.721188
802265048156610565,Labrador_retriever,0.8971620000000001
802572683846291456,golden_retriever,0.610171
802624713319034886,cocker_spaniel,0.253442
802952499103731712,chow,0.944032
803276597545603072,Pembroke,0.457086
803638050916102144,Labrador_retriever,0.372776
803692223237865472,Lakeland_terrier,0.530104
803773340896923648,miniature_pinscher,0.817066
804413760345620481,chow,0.0903414
804738756058218496,Tibetan_mastiff,0.91579
805207613751304193,Pembroke,0.244705
805520635690676224,malinois,0.643147
805826884734976000,Siberian_husky,0.248926
805932879469572096,Norwegian_elkhound,0.657967
805958939288408065,Irish_setter,0.574557
806219024703037440,chow,0.835102
806242860592926720,Cardigan,0.593858
806542213899489280,vizsla,0.938617
806629075125202948,cocker_spaniel,0.0464032
807010152071229440,golden_retriever,0.610807
807059379405148160,golden_retriever,0.474292
807106840509214720,Chihuahua,0.50537
807621403335917568,golden_retriever,0.873233
808001312164028416,Labrador_retriever,0.730959
808106460588765185,golden_retriever,0.426183
808134635716833280,cocker_spaniel,0.74022
808501579447930884,Airedale,0.4542390000000001
808733504066486276,toy_poodle,0.779137
808838249661788160,Rottweiler,0.36953
809084759137812480,vizsla,0.911412
809220051211603969,Pomeranian,0.8195110000000001
809448704142938112,Greater_Swiss_Mountain_dog,0.375415
809808892968534016,Labrador_retriever,0.8616510000000001
809920764300447744,Norwich_terrier,0.397163
810254108431155201,Staffordshire_bullterrier,0.292556
810284430598270976,malamute,0.620768
810657578271330305,malamute,0.753521
810896069567610880,flat-coated_retriever,0.8208040000000001
810984652412424192,golden_retriever,0.8713420000000001
811386762094317568,Pembroke,0.804177
811627233043480576,beagle,0.39628
811744202451197953,Pekinese,0.386082
811985624773361665,Staffordshire_bullterrier,0.6105729999999999
812372279581671427,golden_retriever,0.7848729999999999
812466873996607488,Great_Dane,0.0782055
812709060537683968,Irish_setter,0.326873
812781120811126785,bull_mastiff,0.989316
813051746834595840,golden_retriever,0.914804
813066809284972545,toy_terrier,0.7764
813081950185472002,Doberman,0.909951
813096984823349248,Great_Dane,0.128056
813112105746448384,Pembroke,0.287369
813127251579564032,Norwegian_elkhound,0.432416
813142292504645637,beagle,0.848735
813157409116065792,Pembroke,0.8439110000000001
813172488309972993,golden_retriever,0.954844
813187593374461952,golden_retriever,0.888181
813202720496779264,cocker_spaniel,0.701852
813217897535406080,Samoyed,0.905972
813800681631023104,malamute,0.501159
813812741911748608,French_bulldog,0.709146
813910438903693312,Siberian_husky,0.6993550000000001
813944609378369540,Labrador_retriever,0.427742
814153002265309185,golden_retriever,0.490068
814530161257443328,miniature_poodle,0.626913
814638523311648768,golden_retriever,0.650814
814986499976527872,dalmatian,0.999828
815639385530101762,German_shepherd,0.8179529999999999
815736392542261248,Border_collie,0.5489069999999999
815966073409433600,Tibetan_mastiff,0.506312
815990720817401858,Chihuahua,0.428756
816014286006976512,English_setter,0.677408
816091915477250048,Pomeranian,0.967345
816336735214911488,Labrador_retriever,0.91933
816697700272001025,Chihuahua,0.756992
816816676327063552,malamute,0.668164
816829038950027264,golden_retriever,0.700466
817056546584727552,kelpie,0.8644149999999999
817120970343411712,Saluki,0.568809
817171292965273600,golden_retriever,0.295483
817181837579653120,Tibetan_mastiff,0.506312
817415592588222464,Doberman,0.806163
817423860136083457,Samoyed,0.3362
817536400337801217,pug,0.971358
817777686764523521,curly-coated_retriever,0.733256
817827839487737858,cocker_spaniel,0.387608
818145370475810820,golden_retriever,0.621931
818259473185828864,miniature_schnauzer,0.367368
818536468981415936,Welsh_springer_spaniel,0.999403
818588835076603904,Norwegian_elkhound,0.372202
818614493328580609,Chihuahua,0.450722
818627210458333184,Labrador_retriever,0.384188
819004803107983360,standard_poodle,0.351308
819015337530290176,standard_poodle,0.351308
819227688460238848,Border_terrier,0.4824520000000001
819347104292290561,Rottweiler,0.909106
819588359383371776,Cardigan,0.5479350000000001
819711362133872643,toy_poodle,0.0220094
819952236453363712,American_Staffordshire_terrier,0.925505
820314633777061888,Gordon_setter,0.940724
820446719150292993,golden_retriever,0.938048
820690176645140481,West_Highland_white_terrier,0.872064
820749716845686786,golden_retriever,0.8380120000000001
821044531881721856,Old_English_sheepdog,0.14802
821107785811234820,Pomeranian,0.85659
821149554670182400,German_shepherd,0.515933
821407182352777218,Irish_setter,0.5054960000000001
821522889702862852,Doberman,0.7635390000000001
821765923262631936,golden_retriever,0.980071
821813639212650496,Saint_Bernard,0.995143
821886076407029760,golden_retriever,0.26623800000000003
822244816520155136,Samoyed,0.585441
822462944365645825,Pomeranian,0.960199
822489057087389700,Samoyed,0.416769
822610361945911296,cocker_spaniel,0.6644869999999999
822647212903690241,Samoyed,0.416769
822859134160621569,malinois,0.332897
822872901745569793,Lakeland_terrier,0.196015
822975315408461824,Pembroke,0.233162
823269594223824897,Samoyed,0.585441
823322678127919110,Chihuahua,0.990253
823581115634085888,German_shepherd,0.280949
823699002998870016,cairn,0.203999
823939628516474880,schipperke,0.23407600000000006
824325613288833024,Pembroke,0.990793
824663926340194305,English_setter,0.526488
824775126675836928,Border_terrier,0.610499
825026590719483904,Eskimo_dog,0.524454
825147591692263424,Pekinese,0.354823
825535076884762624,Rottweiler,0.681495
825829644528148480,Great_Pyrenees,0.8534069999999999
826115272272650244,golden_retriever,0.997071
826204788643753985,Labrador_retriever,0.782058
826240494070030336,French_bulldog,0.903048
826476773533745153,German_shepherd,0.7418600000000001
826598365270007810,French_bulldog,0.628119
826848821049180160,Great_Pyrenees,0.858764
826958653328592898,golden_retriever,0.6173890000000001
827199976799354881,Great_Dane,0.8696809999999999
827324948884643840,golden_retriever,0.352486
827600520311402496,Pembroke,0.32563800000000004
827653905312006145,collie,0.285555
827933404142436356,German_shepherd,0.8061149999999999
828011680017821696,American_Staffordshire_terrier,0.936662
828372645993398273,malamute,0.663047
828376505180889089,American_Staffordshire_terrier,0.5230859999999999
828381636999917570,Bedlington_terrier,0.392535
828408677031882754,Weimaraner,0.13303299999999998
828409743546925057,toy_poodle,0.908457
828650029636317184,golden_retriever,0.649209
828708714936930305,Mexican_hairless,0.942911
828770345708580865,Chesapeake_Bay_retriever,0.765979
829011960981237760,boxer,0.312221
829141528400556032,golden_retriever,0.57314
829374341691346946,Staffordshire_bullterrier,0.757547
829449946868879360,Labrador_retriever,0.315163
829501995190984704,French_bulldog,0.950851
829861396166877184,Border_terrier,0.394486
829878982036299777,golden_retriever,0.6173890000000001
830097400375152640,toy_poodle,0.442713
830583320585068544,Labrador_retriever,0.908703
830956169170665475,kuvasz,0.451516
831262627380748289,cocker_spaniel,0.26332300000000003
831309418084069378,Doberman,0.369389
831315979191906304,briard,0.982755
831322785565769729,Old_English_sheepdog,0.999715
831552930092285952,Chihuahua,0.257415
831650051525054464,Eskimo_dog,0.530416
831670449226514432,Pembroke,0.6248020000000001
831911600680497154,bloodhound,0.777562
831939777352105988,Pomeranian,0.153862
832032802820481025,whippet,0.601712
832040443403784192,miniature_pinscher,0.796313
832215726631055365,Afghan_hound,0.274637
832273440279240704,Pembroke,0.134081
832369877331693569,kelpie,0.50469
832397543355072512,Pekinese,0.988916
832636094638288896,Eskimo_dog,0.5250319999999999
832757312314028032,Cardigan,0.160888
832998151111966721,boxer,0.539036
833124694597443584,Cardigan,0.7105229999999999
833479644947025920,golden_retriever,0.727039
833722901757046785,West_Highland_white_terrier,0.918144
833826103416520705,Chihuahua,0.438054
833863086058651648,kuvasz,0.494969
834086379323871233,Labrador_retriever,0.0452627
834209720923721728,golden_retriever,0.754799
834458053273591808,Rhodesian_ridgeback,0.468619
834574053763584002,golden_retriever,0.262936
834786237630337024,Border_terrier,0.156276
834931633769889797,soft-coated_wheaten_terrier,0.330573
835152434251116546,American_Staffordshire_terrier,0.967066
835172783151792128,Border_collie,0.663138
835264098648616962,Chesapeake_Bay_retriever,0.736871
835297930240217089,Rottweiler,0.341276
835574547218894849,Staffordshire_bullterrier,0.6106550000000001
836001077879255040,Samoyed,0.963558
836260088725786625,borzoi,0.564688
836753516572119041,schipperke,0.0115635
836989968035819520,toy_poodle,0.005887300000000001
837110210464448512,Siberian_husky,0.767696
837366284874571778,American_Staffordshire_terrier,0.660085
837471256429613056,Norwegian_elkhound,0.976255
837820167694528512,golden_retriever,0.887625
838083903487373313,chow,0.800975
838476387338051585,Great_Pyrenees,0.997692
838561493054533637,kelpie,0.216562
838921590096166913,Border_terrier,0.664538
839239871831150596,Leonberg,0.927021
839549326359670784,Norwich_terrier,0.393527
839990271299457024,Staffordshire_bullterrier,0.604938
840268004936019968,Chesapeake_Bay_retriever,0.8639870000000001
840632337062862849,golden_retriever,0.711148
841077006473256960,Brittany_spaniel,0.962985
841314665196081154,Afghan_hound,0.903712
841439858740625411,Labrador_retriever,0.853684
841680585030541313,Chihuahua,0.547401
841833993020538882,Samoyed,0.3362
842115215311396866,chow,0.293493
842163532590374912,French_bulldog,0.891227
842535590457499648,Pembroke,0.685084
842765311967449089,Labrador_retriever,0.0293399
842846295480000512,Labrador_retriever,0.461076
842892208864923648,Chihuahua,0.50537
843235543001513987,Pembroke,0.958452
843604394117681152,Labrador_retriever,0.430583
843856843873095681,Labrador_retriever,0.92254
844223788422217728,Labrador_retriever,0.71951
844704788403113984,Labrador_retriever,0.980213
844973813909606400,Labrador_retriever,0.742421
844979544864018432,Shetland_sheepdog,0.000132068
845306882940190720,Irish_water_spaniel,0.567475
845397057150107648,Dandie_Dinmont,0.394404
845677943972139009,chow,0.8086810000000001
845812042753855489,Samoyed,0.979803
846042936437604353,golden_retriever,0.96111
846153765933735936,giant_schnauzer,0.346468
846514051647705089,golden_retriever,0.650003
846874817362120707,Shetland_sheepdog,0.450539
847116187444137987,American_Staffordshire_terrier,0.128935
847157206088847362,Staffordshire_bullterrier,0.21960900000000005
847251039262605312,Airedale,0.49538
847606175596138505,Cardigan,0.413688
847842811428974592,Bernese_mountain_dog,0.951337
848212111729840128,Bedlington_terrier,0.333486
848324959059550208,malamute,0.5445760000000001
848690551926992896,flat-coated_retriever,0.8236479999999999
849412302885593088,schipperke,0.907559
849776966551130114,Chihuahua,0.292092
850019790995546112,Shetland_sheepdog,0.759907
850145622816686080,kelpie,0.7147979999999999
850380195714523136,Yorkshire_terrier,0.249012
850753642995093505,pug,0.996952
851224888060895234,standard_poodle,0.00568265
851591660324737024,Cardigan,0.394507
851953902622658560,Staffordshire_bullterrier,0.757547
852189679701164033,Bernese_mountain_dog,0.42315
852553447878664193,bloodhound,0.186498
852672615818899456,golden_retriever,0.7112350000000001
852912242202992640,Great_Dane,0.7837649999999999
853639147608842240,German_shepherd,0.509879
853760880890318849,miniature_pinscher,0.29251900000000003
854010172552949760,English_springer,0.354733
854120357044912130,black-and-tan_coonhound,0.8548610000000001
854365224396361728,Pembroke,0.90708
854482394044301312,Chihuahua,0.26024200000000003
854732716440526848,Pembroke,0.6955479999999999
855459453768019968,Blenheim_spaniel,0.389513
855851453814013952,flat-coated_retriever,0.321676
856282028240666624,Chihuahua,0.8765430000000001
856526610513747968,Old_English_sheepdog,0.798481
856543823941562368,Boston_bull,0.30691
857029823797047296,golden_retriever,0.968623
857263160327368704,Samoyed,0.998021
857393404942143489,malamute,0.8415969999999999
857746408056729600,Labrador_retriever,0.919832
857989990357356544,French_bulldog,0.43258
858107933456039936,golden_retriever,0.863874
858471635011153920,Pembroke,0.987407
858843525470990336,golden_retriever,0.57812
859196978902773760,malamute,0.224218
859607811541651456,golden_retriever,0.8955290000000001
859851578198683649,Labrador_retriever,0.899086
859924526012018688,French_bulldog,0.254587
860524505164394496,Bedlington_terrier,0.286558
860563773140209665,Cardigan,0.583936
861005113778896900,German_shepherd,0.507951
861288531465048066,Bouvier_des_Flandres,0.0826102
861383897657036800,Cardigan,0.771008
861769973181624320,cocker_spaniel,0.0464032
862096992088072192,chow,0.677589
862722525377298433,basset,0.39333
862831371563274240,Australian_terrier,0.207281
863062471531167744,French_bulldog,0.935804
863079547188785154,Lakeland_terrier,0.275242
863432100342583297,Staffordshire_bullterrier,0.690517
863553081350529029,Eskimo_dog,0.41333
864197398364647424,golden_retriever,0.945905
864279568663928832,bull_mastiff,0.668613
865006731092295680,Pembroke,0.989882
865359393868664832,Chesapeake_Bay_retriever,0.832435
865718153858494464,golden_retriever,0.673664
866334964761202691,Samoyed,0.984086
866450705531457537,French_bulldog,0.905334
866686824827068416,flat-coated_retriever,0.51473
867051520902168576,Samoyed,0.471403
867072653475098625,Blenheim_spaniel,0.352946
867421006826221569,Eskimo_dog,0.6164569999999999
867774946302451713,Border_collie,0.661953
867900495410671616,Labrador_retriever,0.522644
868552278524837888,whippet,0.378151
868622495443632128,Labrador_retriever,0.868107
868880397819494401,French_bulldog,0.153718
869227993411051520,Pembroke,0.664181
869596645499047938,Chihuahua,0.955156
869702957897576449,Pembroke,0.993449
869772420881756160,Pembroke,0.980148
870308999962521604,Greater_Swiss_Mountain_dog,0.6227520000000001
870374049280663552,golden_retriever,0.841001
870656317836468226,Pembroke,0.945495
871032628920680449,kelpie,0.3980530000000001
871515927908634625,komondor,0.974781
871762521631449091,Labrador_retriever,0.921393
871879754684805121,Shetland_sheepdog,0.969171
872122724285648897,pug,0.808396
872261713294495745,Labrador_retriever,0.972019
872486979161796608,Pembroke,0.931861
872620804844003328,cocker_spaniel,0.513191
872820683541237760,pug,0.99912
872967104147763200,Labrador_retriever,0.476913
873213775632977920,vizsla,0.6197819999999999
873580283840344065,Newfoundland,0.678537
873697596434513921,French_bulldog,0.153718
874012996292530176,Cardigan,0.806674
874057562936811520,flat-coated_retriever,0.8321770000000001
874296783580663808,cocker_spaniel,0.437216
874680097055178752,Labrador_retriever,0.836052
875021211251597312,West_Highland_white_terrier,0.7143189999999999
875144289856114688,Siberian_husky,0.245048
875747767867523072,Labrador_retriever,0.799551
876120275196170240,Bernese_mountain_dog,0.534327
876484053909872640,golden_retriever,0.874566
876838120628539392,bloodhound,0.575751
877201837425926144,Pembroke,0.93112
877316821321428993,Saluki,0.5099670000000001
877556246731214848,basset,0.995368
877611172832227328,Irish_setter,0.364729
877736472329191424,Chesapeake_Bay_retriever,0.8379559999999999
878057613040115712,French_bulldog,0.839097
878281511006478336,basset,0.32042
878776093423087618,Italian_greyhound,0.734684
879008229531029506,vizsla,0.960513
879376492567855104,Labrador_retriever,0.663601
879415818425184262,English_springer,0.383404
879492040517615616,German_short-haired_pointer,0.479896
879862464715927552,basset,0.813507
880095782870896641,miniature_pinscher,0.120298
880221127280381952,Chihuahua,0.238525
880465832366813184,golden_retriever,0.913255
880872448815771648,Pembroke,0.791416
881536004380872706,Samoyed,0.281463
881666595344535552,Saluki,0.529012
881906580714921986,Weimaraner,0.291539
882045870035918850,golden_retriever,0.00694063
882268110199369728,golden_retriever,0.762211
882627270321602560,Pembroke,0.542982
882762694511734784,Labrador_retriever,0.85005
882992080364220416,Eskimo_dog,0.466778
883117836046086144,golden_retriever,0.949562
883360690899218434,chow,0.987997
883482846933004288,golden_retriever,0.943082
883838122936631299,Doberman,0.610946
884162670584377345,German_shepherd,0.707046
884441805382717440,Pembroke,0.993225
884562892145688576,pug,0.5464060000000001
884876753390489601,chow,0.822103
884925521741709313,Italian_greyhound,0.259916
885167619883638784,malamute,0.8124819999999999
885311592912609280,Labrador_retriever,0.908703
885528943205470208,pug,0.369275
885984800019947520,Blenheim_spaniel,0.972494
886258384151887873,pug,0.943575
886366144734445568,French_bulldog,0.999201
886736880519319552,kuvasz,0.309706
886983233522544640,Chihuahua,0.793469
887101392804085760,Samoyed,0.733942
887343217045368832,Mexican_hairless,0.330741
887473957103951883,Pembroke,0.809197
887705289381826560,basset,0.821664
888078434458587136,French_bulldog,0.995026
888202515573088257,Pembroke,0.809197
888554962724278272,Siberian_husky,0.700377
888804989199671297,golden_retriever,0.46976
888917238123831296,golden_retriever,0.714719
889278841981685760,whippet,0.626152
889531135344209921,golden_retriever,0.953442
889638837579907072,French_bulldog,0.99165
889665388333682689,Pembroke,0.966327
889880896479866881,French_bulldog,0.377417
890006608113172480,Samoyed,0.957979
890240255349198849,Pembroke,0.511319
890609185150312448,Irish_terrier,0.487574
890729181411237888,Pomeranian,0.566142
890971913173991426,Appenzeller,0.34170300000000003
891087950875897856,Chesapeake_Bay_retriever,0.425595
891327558926688256,basset,0.555712
891689557279858688,Labrador_retriever,0.17027799999999998
891815181378084864,Chihuahua,0.716012
892177421306343426,Chihuahua,0.323581
